fips,clim_index
01001,0.6343782
01003,0.88896716
01005,0.6319951
01007,0.6377543
01009,0.72084576
01011,0.6539873
01013,0.5949451
01015,0.90049624
01017,0.85418177
01019,0.8718685
01021,0.77409244
01023,0.5559746
01025,0.672296
01027,0.9044636
01029,0.8920306
01031,0.55961025
01033,0.52832186
01035,0.65163404
01037,0.8191329
01039,0.63907593
01041,0.59339285
01043,0.7351181
01045,0.5718765
01047,0.5895576
01049,0.77472365
01051,0.75035095
01053,0.8050566
01055,0.76795185
01057,0.6206072
01059,0.5554019
01061,0.5350715
01063,0.52949965
01065,0.51779854
01067,0.546291
01069,0.4562894
01071,0.77221394
01073,0.61902785
01075,0.4554775
01077,0.45760217
01079,0.46978304
01081,0.7609142
01083,0.3013123
01085,0.53009486
01087,0.67852896
01089,0.4317458
01091,0.4998553
01093,0.5652009
01095,0.69977933
01097,0.8876161
01099,0.6672385
01101,0.5461215
01103,0.51963365
01105,0.6800351
01107,0.4774446
01109,0.55191845
01111,0.90741473
01113,0.6715249
01115,0.8144883
01117,0.79777014
01119,0.50806737
01121,0.8209767
01123,0.8385157
01125,0.57226014
01127,0.7739306
01129,0.8471229
01131,0.55443275
01133,0.7885138
02013,0.008376076
02016,0.04037598
02020,0.08414972
02050,0.7999606
02060,0.30350944
02068,0.93237907
02070,0.5371175
02090,0.95943606
02100,0.019080404
02105,0.023299053
02110,0.0036909133
02122,0.80141294
02130,0.015309317
02158,0.5060108
02164,0.390103
02170,0.778191
02180,0.4785615
02185,0.19763705
02188,0.8665043
02195,0.017306782
02198,0.026133787
02220,0.010680172
02230,0.081489265
02240,0.9638785
02275,0.014448566
02282,0.018791856
02290,0.9492516
04001,0.81365806
04003,0.92457825
04005,0.9259845
04007,0.9625461
04009,0.9868898
04011,0.9752555
04012,0.48305434
04013,0.75850177
04015,0.9222324
04017,0.76132643
04019,0.96356875
04021,0.8749318
04023,0.9822345
04025,0.9157256
04027,0.35244122
05001,0.28318775
05003,0.4825657
05005,0.7543741
05007,0.7938316
05009,0.76686716
05011,0.42696893
05013,0.4576488
05015,0.6629044
05017,0.29271322
05019,0.59693456
05021,0.27325025
05023,0.7374177
05025,0.44804186
05027,0.537364
05029,0.7811702
05031,0.28110203
05033,0.87089
05035,0.21496521
05037,0.2886465
05039,0.4984912
05041,0.30452436
05043,0.49090892
05045,0.79294777
05047,0.76430815
05049,0.76445156
05051,0.5660417
05053,0.56361824
05055,0.24098934
05057,0.5575057
05059,0.613094
05061,0.6282593
05063,0.70743275
05065,0.7799345
05067,0.43773806
05069,0.36372578
05071,0.6822598
05073,0.5127067
05075,0.5700693
05077,0.2744539
05079,0.35700682
05081,0.5861504
05083,0.6743252
05085,0.4497869
05087,0.65572137
05089,0.7614777
05091,0.5408536
05093,0.11944474
05095,0.41810802
05097,0.72249126
05099,0.54617107
05101,0.6553268
05103,0.470232
05105,0.721357
05107,0.25965708
05109,0.61731493
05111,0.23137972
05113,0.73326665
05115,0.7137979
05117,0.44702253
05119,0.66453815
05121,0.72367257
05123,0.2846001
05125,0.68661404
05127,0.79680586
05129,0.8210344
05131,0.8522818
05133,0.6477791
05135,0.7425322
05137,0.78222513
05139,0.3859633
05141,0.7700628
05143,0.8511894
05145,0.76539516
05147,0.43376577
05149,0.7036902
06001,0.9559628
06003,0.99963504
06005,0.97235525
06007,0.96181476
06009,0.96923983
06011,0.96509874
06013,0.9196583
06015,0.74719167
06017,0.9990355
06019,0.8349284
06021,0.94782096
06023,0.5519296
06025,0.4416389
06027,0.842314
06029,0.9724636
06031,0.7613716
06033,0.98336625
06035,0.96035933
06037,0.97384006
06039,0.98134696
06041,0.8808495
06043,0.9835637
06045,0.9102554
06047,0.7967078
06049,0.87652415
06051,0.86961687
06053,0.9907455
06055,0.9331632
06057,0.9998412
06059,0.96569574
06061,0.99923134
06063,0.9931503
06065,0.9339559
06067,0.7674128
06069,0.9580695
06071,0.971411
06073,0.98067445
06075,0.4866364
06077,0.8304175
06079,0.970026
06081,0.7267093
06083,0.95923805
06085,0.9474438
06087,0.80889785
06089,0.9931045
06091,0.99983996
06093,0.9269229
06095,0.8415512
06097,0.8973349
06099,0.881528
06101,0.76982987
06103,0.953076
06105,0.9783654
06107,0.98545486
06109,0.9972721
06111,0.9394827
06113,0.8924521
06115,0.9662899
08001,0.6674634
08003,0.3589005
08005,0.6715142
08007,0.7306951
08009,0.73419535
08011,0.72981465
08013,0.9230796
08014,0.7363504
08015,0.58051306
08017,0.5034605
08019,0.9014778
08021,0.39866847
08023,0.47671053
08025,0.667184
08027,0.78455687
08029,0.77922773
08031,0.62042487
08033,0.8010249
08035,0.93744373
08037,0.62114704
08039,0.7732026
08041,0.8567106
08043,0.8184477
08045,0.73397666
08047,0.8761584
08049,0.52158237
08051,0.48878783
08053,0.5820242
08055,0.65706754
08057,0.48184556
08059,0.9484817
08061,0.66787875
08063,0.31214726
08065,0.39957622
08067,0.8736482
08069,0.8695002
08071,0.90173894
08073,0.55350304
08075,0.47282583
08077,0.8461689
08079,0.60668373
08081,0.7572319
08083,0.87351894
08085,0.65672266
08087,0.54881644
08089,0.85185295
08091,0.6616588
08093,0.8500488
08095,0.4057219
08097,0.64352214
08099,0.8894902
08101,0.7872341
08103,0.89524925
08105,0.49055967
08107,0.6995295
08109,0.5499991
08111,0.65757775
08113,0.7558422
08115,0.46265304
08117,0.48184556
08119,0.95385015
08123,0.6687393
08125,0.4505882
10001,0.39461407
10003,0.33421934
10005,0.3987552
12001,0.8577959
12003,0.84185183
12005,0.8048989
12007,0.8323896
12009,0.9600889
12011,0.9853116
12013,0.79377604
12015,0.942089
12017,0.8586293
12019,0.8392072
12021,0.94796383
12023,0.76651096
12027,0.94324213
12029,0.8298333
12031,0.82672167
12033,0.8837391
12035,0.8824215
12037,0.9150031
12039,0.82741064
12041,0.8311367
12043,0.9661766
12045,0.8644752
12047,0.67501307
12049,0.9477224
12051,0.94275844
12053,0.91297156
12055,0.96715605
12057,0.92248803
12059,0.7090256
12061,0.96538657
12063,0.58228266
12065,0.7976545
12067,0.801819
12069,0.8566191
12071,0.9299145
12073,0.7810471
12075,0.8655317
12077,0.926352
12079,0.7927872
12081,0.89453495
12083,0.8541377
12085,0.9629909
12086,0.9440018
12087,0.97420603
12089,0.9016592
12091,0.8347357
12093,0.9357699
12095,0.97220737
12097,0.96564525
12099,0.96667683
12101,0.91175044
12103,0.7331968
12105,0.9502439
12107,0.8407957
12109,0.8736839
12111,0.9198011
12113,0.85459834
12115,0.90667915
12117,0.9650775
12119,0.85423046
12121,0.6729578
12123,0.86767936
12125,0.8556259
12127,0.94785345
12129,0.9196174
12131,0.7766613
12133,0.6908405
13001,0.5686916
13003,0.5564565
13005,0.5412422
13007,0.5405308
13009,0.604192
13011,0.6638735
13013,0.43291643
13015,0.69497514
13017,0.5787883
13019,0.56624925
13021,0.605594
13023,0.5053911
13025,0.66179526
13027,0.61315763
13029,0.7519037
13031,0.57261884
13033,0.60264516
13035,0.60064554
13037,0.5722469
13039,0.8082408
13043,0.56366855
13045,0.8000848
13047,0.6647892
13049,0.76446986
13051,0.81227577
13053,0.63150525
13055,0.8366858
13057,0.6019824
13059,0.59489495
13061,0.5546255
13063,0.47709295
13065,0.6901197
13067,0.59100866
13069,0.5321183
13071,0.5296335
13073,0.66175735
13075,0.5725235
13077,0.5751064
13079,0.67297137
13081,0.5077419
13083,0.8168656
13085,0.6692755
13087,0.55699396
13089,0.3522243
13091,0.59555507
13093,0.46442714
13095,0.5583301
13097,0.7049699
13099,0.55739415
13101,0.6848471
13103,0.6604441
13105,0.6284032
13107,0.56751424
13109,0.61808956
13111,0.8011185
13113,0.5668578
13115,0.75458765
13117,0.51510715
13119,0.6195268
13121,0.54861355
13123,0.68487555
13125,0.6046332
13127,0.8584937
13129,0.70890015
13131,0.58367854
13133,0.6353792
13135,0.41364563
13137,0.76937664
13139,0.58595467
13141,0.6648456
13143,0.8510655
13145,0.7256378
13147,0.6185465
13149,0.82803804
13151,0.5048485
13153,0.58478653
13155,0.5358753
13157,0.5564847
13159,0.6407721
13161,0.6066433
13163,0.5418682
13165,0.61265725
13167,0.5474146
13169,0.6310989
13171,0.6275542
13173,0.58536196
13175,0.57991654
13177,0.54179865
13179,0.73359495
13181,0.6687481
13183,0.62115246
13185,0.58305407
13187,0.7469734
13189,0.61502653
13191,0.86699486
13193,0.5668739
13195,0.6000578
13197,0.59068704
13199,0.6635467
13201,0.47684288
13205,0.45238492
13207,0.6400635
13209,0.5681584
13211,0.5819779
13213,0.7037003
13215,0.6336466
13217,0.4979749
13219,0.5510647
13221,0.670492
13223,0.8281729
13225,0.50110614
13227,0.5192096
13229,0.5704037
13231,0.6852031
13233,0.7593356
13235,0.51847553
13237,0.6530865
13239,0.68667257
13241,0.7532002
13243,0.563874
13245,0.6058469
13247,0.47460607
13249,0.56905234
13251,0.5787636
13253,0.442287
13255,0.5539204
13257,0.6796179
13259,0.6506225
13261,0.52418625
13263,0.7446114
13265,0.6377356
13267,0.60157955
13269,0.62675047
13271,0.57232714
13273,0.57534945
13275,0.606052
13277,0.49920064
13279,0.5662308
13281,0.74847436
13283,0.60513425
13285,0.77606755
13287,0.51665014
13289,0.5744904
13291,0.7843245
13293,0.7155192
13295,0.76705164
13297,0.5563406
13299,0.70441955
13301,0.6205303
13303,0.5900187
13305,0.6321068
13307,0.507998
13309,0.6342801
13311,0.75267494
13313,0.69744456
13315,0.53041255
13317,0.64923775
13319,0.5972593
13321,0.52698964
15001,0.84383833
15003,0.9457034
15005,0.8885428
15007,0.8027444
15009,0.8997462
16001,0.97217053
16003,0.96538043
16005,0.9838908
16007,0.9269814
16009,0.66152894
16011,0.98193574
16013,0.9329286
16015,0.97369254
16017,0.6415639
16019,0.9160946
16021,0.7397087
16023,0.83087975
16025,0.9370204
16027,0.81527454
16029,0.9590161
16031,0.9367498
16033,0.82309735
16035,0.94008607
16037,0.9221981
16039,0.96164906
16041,0.92344344
16043,0.85892385
16045,0.92179173
16047,0.94072753
16049,0.9901407
16051,0.8449
16053,0.9412357
16055,0.53087604
16057,0.8959688
16059,0.9725217
16061,0.9348813
16063,0.9901119
16065,0.76181465
16067,0.979743
16069,0.87234753
16071,0.97522587
16073,0.94112337
16075,0.94167507
16077,0.98455375
16079,0.703897
16081,0.8709357
16083,0.9753298
16085,0.9612407
16087,0.9696195
17001,0.21684094
17003,0.23877376
17005,0.088345975
17007,0.07164372
17009,0.1990739
17011,0.030989043
17013,0.23780414
17015,0.1498227
17017,0.092956595
17019,0.043301824
17021,0.05303207
17023,0.05955605
17025,0.055584222
17027,0.08104324
17029,0.05113611
17031,0.2687677
17033,0.049098026
17035,0.10527437
17037,0.061520215
17039,0.023509452
17041,0.043573666
17043,0.17776543
17045,0.0433901
17047,0.06971825
17049,0.1133009
17051,0.15570435
17053,0.013581319
17055,0.14688942
17057,0.14531629
17059,0.10916125
17061,0.1262775
17063,0.053468388
17065,0.11061945
17067,0.1324861
17069,0.3710242
17071,0.19102083
17073,0.0280127
17075,0.014685132
17077,0.21140261
17079,0.036256958
17081,0.13501945
17083,0.076663844
17085,0.2105651
17087,0.3428889
17089,0.07214966
17091,0.075380586
17093,0.058849618
17095,0.038638406
17097,0.17928326
17099,0.08595758
17101,0.064174645
17103,0.05258428
17105,0.034618784
17107,0.025735049
17109,0.111073844
17111,0.11901346
17113,0.010590981
17115,0.03204302
17117,0.10111186
17119,0.076971784
17121,0.10840942
17123,0.05769019
17125,0.064670324
17127,0.2766797
17129,0.03603628
17131,0.20093445
17133,0.14530115
17135,0.06433001
17137,0.059621513
17139,0.03497559
17141,0.14274023
17143,0.04376552
17145,0.15862185
17147,0.016777504
17149,0.27631012
17151,0.3439747
17153,0.24140799
17155,0.085428365
17157,0.13757613
17159,0.04828776
17161,0.28509697
17163,0.08638087
17165,0.19330157
17167,0.03575185
17169,0.1388774
17171,0.109350234
17173,0.12637062
17175,0.03429967
17177,0.10539486
17179,0.070085935
17181,0.2641465
17183,0.0457723
17185,0.06748687
17187,0.122500174
17189,0.07204391
17191,0.064185746
17193,0.11147315
17195,0.08455034
17197,0.18642507
17199,0.29310519
17201,0.13163345
17203,0.060865175
18001,0.01021371
18003,0.012333301
18005,0.105715334
18007,0.053832456
18009,0.010190073
18011,0.051317956
18013,0.18265282
18015,0.0377101
18017,0.041651733
18019,0.1706224
18021,0.054911885
18023,0.055645715
18025,0.15916319
18027,0.0852635
18029,0.20476557
18031,0.061301745
18033,0.006446545
18035,0.012878323
18037,0.1342968
18039,0.041435394
18041,0.0944521
18043,0.16977867
18045,0.08023491
18047,0.09586552
18049,0.03215712
18051,0.07155344
18053,0.008658814
18055,0.13270545
18057,0.043421254
18059,0.037281636
18061,0.1549365
18063,0.0388777
18065,0.037838496
18067,0.011777898
18069,0.010360557
18071,0.09915483
18073,0.027201535
18075,0.009945819
18077,0.12784827
18079,0.11776356
18081,0.08292371
18083,0.06218903
18085,0.016781768
18087,0.013646619
18089,0.21529979
18091,0.09110545
18093,0.12906286
18095,0.021074705
18097,0.09970984
18099,0.029078579
18101,0.13324551
18103,0.01861716
18105,0.11557791
18107,0.026110029
18109,0.10833443
18111,0.0651882
18113,0.019413395
18115,0.178082
18117,0.13398124
18119,0.14268638
18121,0.12917866
18123,0.19853123
18125,0.123682275
18127,0.232465
18129,0.11183187
18131,0.042447407
18133,0.07289378
18135,0.018885862
18137,0.10838194
18139,0.057321727
18141,0.08771986
18143,0.14484677
18145,0.052632574
18147,0.1764164
18149,0.04461725
18151,0.015483951
18153,0.049295355
18155,0.14958096
18157,0.021427725
18159,0.012954005
18161,0.039642494
18163,0.16894008
18165,0.07174592
18167,0.06712432
18169,0.018797372
18171,0.018186009
18173,0.17046572
18175,0.10261855
18177,0.055268943
18179,0.0104648145
18181,0.043269385
18183,0.010269286
19001,0.35339534
19003,0.39497623
19005,0.23439802
19007,0.59901005
19009,0.38544613
19011,0.28516543
19013,0.1901053
19015,0.1229247
19017,0.10403163
19019,0.06808738
19021,0.13773945
19023,0.14485714
19025,0.14960498
19027,0.1970808
19029,0.45863074
19031,0.21922925
19033,0.035582542
19035,0.2435639
19037,0.062128674
19039,0.4821792
19041,0.13187654
19043,0.15659381
19045,0.199766
19047,0.33146152
19049,0.2459195
19051,0.55799025
19053,0.62120926
19055,0.07718043
19057,0.3944202
19059,0.22445428
19061,0.13503431
19063,0.1796558
19065,0.08678026
19067,0.056561973
19069,0.039231237
19071,0.54110134
19073,0.118555285
19075,0.08234625
19077,0.46390083
19079,0.047210928
19081,0.037865885
19083,0.15339646
19085,0.5137323
19087,0.40411165
19089,0.07471183
19091,0.04984223
19093,0.25253138
19095,0.40632954
19097,0.17211613
19099,0.33060598
19101,0.4598927
19103,0.36992458
19105,0.264541
19107,0.40053895
19109,0.09317119
19111,0.4457931
19113,0.20455654
19115,0.36154917
19117,0.5880052
19119,0.25773317
19121,0.39162168
19123,0.34140626
19125,0.43573764
19127,0.24468412
19129,0.43314192
19131,0.062693715
19133,0.58188796
19135,0.6174727
19137,0.414382
19139,0.33696365
19141,0.14692539
19143,0.08581539
19145,0.4189926
19147,0.048527475
19149,0.2392019
19151,0.09689039
19153,0.20258985
19155,0.42996976
19157,0.3522637
19159,0.5573896
19161,0.19284828
19163,0.29897118
19165,0.31821316
19167,0.16251352
19169,0.11267155
19171,0.30589533
19173,0.4531786
19175,0.44614002
19177,0.5546941
19179,0.5361347
19181,0.43373764
19183,0.3616086
19185,0.5379435
19187,0.09523772
19189,0.09754672
19191,0.1680018
19193,0.5422524
19195,0.09872108
19197,0.06542761
20001,0.5183202
20003,0.53463376
20005,0.51582825
20007,0.91726613
20009,0.49250227
20011,0.5820746
20013,0.53477836
20015,0.83603954
20017,0.8695719
20019,0.9205541
20021,0.3370696
20023,0.5464723
20025,0.93048936
20027,0.507406
20029,0.40445262
20031,0.74294496
20033,0.93767387
20035,0.8549984
20037,0.38443986
20039,0.31408435
20041,0.62824404
20043,0.49743545
20045,0.5357921
20047,0.44661862
20049,0.94333494
20051,0.41149354
20053,0.6544725
20055,0.4118995
20057,0.59426075
20059,0.52243483
20061,0.8097559
20063,0.41069004
20065,0.3659251
20067,0.64772683
20069,0.33528152
20071,0.3018426
20073,0.88876265
20075,0.57616794
20077,0.75836796
20079,0.42982778
20081,0.3373282
20083,0.3833922
20085,0.7869297
20087,0.70690155
20089,0.30136296
20091,0.30944556
20093,0.5092201
20095,0.8037599
20097,0.8953602
20099,0.4262092
20101,0.4052923
20103,0.49280408
20105,0.49225095
20107,0.45164573
20109,0.43621662
20111,0.8719796
20113,0.63272154
20115,0.65288734
20117,0.6423704
20119,0.9234683
20121,0.43010518
20123,0.320474
20125,0.76350725
20127,0.82280535
20129,0.79447466
20131,0.70129275
20133,0.49040776
20135,0.36609074
20137,0.35107085
20139,0.7114423
20141,0.3698927
20143,0.572309
20145,0.31268382
20147,0.37488538
20149,0.7763395
20151,0.77188826
20153,0.31280813
20155,0.8216711
20157,0.30421728
20159,0.6606891
20161,0.82114136
20163,0.43359265
20165,0.32112768
20167,0.55093086
20169,0.626508
20171,0.31401488
20173,0.4931269
20175,0.8571774
20177,0.6525034
20179,0.274972
20181,0.36952537
20183,0.39187682
20185,0.73822564
20187,0.69321835
20189,0.746886
20191,0.36978674
20193,0.20213906
20195,0.37856293
20197,0.88349223
20199,0.34193498
20201,0.49519965
20203,0.25545195
20205,0.7162723
20207,0.8715962
20209,0.36710277
21001,0.29909837
21003,0.22325647
21005,0.1981152
21007,0.26851833
21009,0.26689467
21011,0.42828017
21013,0.87337697
21015,0.12036632
21017,0.23623657
21019,0.57648486
21021,0.23823671
21023,0.21240309
21025,0.88507974
21027,0.18591586
21029,0.18249653
21031,0.23083057
21033,0.25540698
21035,0.27803668
21037,0.1730578
21039,0.291201
21041,0.17051229
21043,0.48800954
21045,0.3297578
21047,0.21893887
21049,0.2813827
21051,0.9000645
21053,0.49178842
21055,0.2447796
21057,0.33154643
21059,0.17708115
21061,0.23673466
21063,0.64696056
21065,0.62154174
21067,0.24517958
21069,0.33997744
21071,0.9134568
21073,0.22688942
21075,0.18365926
21077,0.16079578
21079,0.39780986
21081,0.17391483
21083,0.21725819
21085,0.22099532
21087,0.2589423
21089,0.44637197
21091,0.20583096
21093,0.14794534
21095,0.874843
21097,0.19082491
21099,0.25736788
21101,0.1579835
21103,0.14955214
21105,0.19274294
21107,0.23363113
21109,0.8060006
21111,0.1662301
21113,0.22646752
21115,0.794596
21117,0.11539928
21119,0.9236616
21121,0.85624605
21123,0.17419887
21125,0.87407607
21127,0.7689059
21129,0.7259928
21131,0.92039496
21133,0.9158917
21135,0.34290424
21137,0.3736877
21139,0.2541567
21141,0.2527623
21143,0.35889688
21145,0.30869547
21147,0.80803555
21149,0.1709553
21151,0.4051296
21153,0.84140384
21155,0.18771048
21157,0.38457587
21159,0.84067315
21161,0.2140736
21163,0.15919179
21165,0.54579926
21167,0.22267413
21169,0.27909258
21171,0.21741949
21173,0.37636688
21175,0.71600056
21177,0.27917698
21179,0.16866165
21181,0.20371307
21183,0.2386127
21185,0.171681
21187,0.17602427
21189,0.8476502
21191,0.18008909
21193,0.9293905
21195,0.93030626
21197,0.53094983
21199,0.6759706
21201,0.24369787
21203,0.7649448
21205,0.5177442
21207,0.38195226
21209,0.18351828
21211,0.15742593
21213,0.18251313
21215,0.20410343
21217,0.22432716
21219,0.22868033
21221,0.32674807
21223,0.16440521
21225,0.17951289
21227,0.23859747
21229,0.18954057
21231,0.6642901
21233,0.2520626
21235,0.797882
21237,0.6889123
21239,0.20236962
22001,0.34361282
22003,0.87912464
22005,0.18650979
22007,0.13335225
22009,0.30557853
22011,0.8476312
22013,0.48240888
22015,0.4651997
22017,0.4739769
22019,0.79583484
22021,0.4381774
22023,0.95980775
22025,0.27093974
22027,0.42088258
22029,0.29696745
22031,0.5572057
22033,0.39421314
22035,0.30066735
22037,0.6498964
22039,0.6978046
22041,0.3467017
22043,0.61019075
22045,0.17257981
22047,0.20902267
22049,0.42541802
22051,0.2335287
22053,0.49767542
22055,0.27159438
22057,0.15292858
22059,0.46657133
22061,0.35724437
22063,0.7730509
22065,0.2919743
22067,0.3540934
22069,0.5167835
22071,0.5068891
22073,0.37046033
22075,0.22385575
22077,0.2967354
22079,0.7132927
22081,0.40272027
22083,0.37016615
22085,0.58597624
22087,0.43339974
22089,0.24374253
22091,0.74451935
22093,0.16776185
22095,0.18652314
22097,0.30288276
22099,0.09179663
22101,0.14871375
22103,0.8880678
22105,0.8512837
22107,0.3020898
22109,0.14564805
22111,0.4129088
22113,0.44058028
22115,0.8102656
22117,0.850204
22119,0.4402232
22121,0.22239645
22123,0.3163425
22125,0.56569445
22127,0.5751703
23001,0.07488781
23003,0.061364878
23005,0.115674086
23007,0.025490405
23009,0.06850628
23011,0.05364518
23013,0.066425495
23015,0.08703386
23017,0.057912882
23019,0.07132772
23021,0.022328956
23023,0.10490364
23025,0.008593944
23027,0.03075971
23029,0.15744549
23031,0.15523458
24001,0.42685875
24003,0.2578525
24005,0.0830701
24009,0.48912668
24011,0.3126544
24013,0.10160359
24015,0.22186303
24017,0.40254462
24019,0.8024293
24021,0.29045126
24023,0.2992838
24025,0.11796305
24027,0.101083174
24029,0.220599
24031,0.1257849
24033,0.2833401
24035,0.19840021
24037,0.54207444
24039,0.85796773
24041,0.35077775
24043,0.4195059
24045,0.7760309
24047,0.5203626
24510,0.114331625
24510,0.114331625
24510,0.114331625
24510,0.114331625
25001,0.06453665
25003,0.088756055
25005,0.094653785
25007,0.08898359
25009,0.1717224
25011,0.19232725
25013,0.16181621
25015,0.15451743
25017,0.19772069
25019,0.13758284
25021,0.11331959
25023,0.078886814
25025,0.10482097
25027,0.12540504
26001,0.31231308
26003,0.30722973
26005,0.15156382
26007,0.1625844
26009,0.23320009
26011,0.26665884
26013,0.36260185
26015,0.091995165
26017,0.15972957
26019,0.18840042
26021,0.05699658
26023,0.04152332
26025,0.049801443
26027,0.04993942
26029,0.07591612
26031,0.16796643
26033,0.5621067
26035,0.1958474
26037,0.031992707
26039,0.6123978
26041,0.3197427
26043,0.45063755
26045,0.06140375
26047,0.10484634
26049,0.06808874
26051,0.2947568
26053,0.17522845
26055,0.19904563
26057,0.069891125
26059,0.056258067
26061,0.35929006
26063,0.0658426
26065,0.063151255
26067,0.061105296
26069,0.47297037
26071,0.389079
26073,0.12063536
26075,0.08338609
26077,0.05859413
26079,0.3819764
26081,0.11416626
26083,0.26919457
26085,0.3320168
26087,0.08299876
26089,0.13035873
26091,0.04874692
26093,0.073301904
26095,0.42428002
26097,0.51366925
26099,0.07870188
26101,0.27756912
26103,0.50364745
26105,0.27254346
26107,0.19814023
26109,0.23331916
26111,0.17982449
26113,0.26251903
26115,0.017880244
26117,0.10273088
26119,0.29061463
26121,0.2124531
26123,0.25342834
26125,0.11739496
26127,0.21110705
26129,0.49953517
26131,0.4297874
26133,0.16567688
26135,0.6123209
26137,0.31333268
26139,0.09534119
26141,0.1598857
26143,0.42911956
26145,0.06769591
26147,0.068620786
26149,0.019720495
26151,0.08377918
26153,0.54354393
26155,0.037343793
26157,0.09832722
26159,0.11554198
26161,0.08271158
26163,0.072163954
26165,0.26489818
27001,0.36938715
27003,0.38132897
27005,0.5004494
27007,0.7696781
27009,0.3874708
27011,0.3764685
27013,0.06921964
27015,0.04524772
27017,0.35673508
27019,0.20596682
27021,0.49310082
27023,0.25661725
27025,0.32323936
27027,0.39658573
27029,0.6184447
27031,0.8694168
27033,0.09677418
27035,0.40120906
27037,0.23075801
27039,0.06454752
27041,0.29205438
27043,0.04603026
27045,0.06734692
27047,0.045314685
27049,0.103542514
27051,0.25748205
27053,0.24753836
27055,0.05841179
27057,0.42428032
27059,0.43532848
27061,0.27899104
27063,0.16654193
27065,0.47425956
27067,0.27390775
27069,0.83177716
27071,0.41415143
27073,0.36481354
27075,0.6314194
27077,0.7110435
27079,0.14686018
27081,0.25360733
27083,0.09986228
27085,0.090455204
27087,0.5172868
27089,0.7296277
27091,0.06440313
27093,0.19415016
27095,0.51987386
27097,0.5843397
27099,0.054966025
27101,0.1171214
27103,0.09960653
27105,0.120262146
27107,0.39911437
27109,0.11426256
27111,0.43286115
27113,0.64330816
27115,0.41178325
27117,0.22919093
27119,0.517467
27121,0.2914028
27123,0.26525682
27125,0.5182985
27127,0.09177607
27129,0.05340774
27131,0.09835441
27133,0.1799855
27135,0.86264145
27137,0.522249
27139,0.22387722
27141,0.4064021
27143,0.12917347
27145,0.31814048
27147,0.04810692
27149,0.19796853
27151,0.2616429
27153,0.49878255
27155,0.26222873
27157,0.055655077
27159,0.67900527
27161,0.09225428
27163,0.2100721
27165,0.067094356
27167,0.24461408
27169,0.18253057
27171,0.24394307
27173,0.17442404
28001,0.48415816
28003,0.6868919
28005,0.81648785
28007,0.6386222
28009,0.76720405
28011,0.18429561
28013,0.5930177
28015,0.61401725
28017,0.569536
28019,0.61101985
28021,0.584771
28023,0.65946424
28025,0.48688468
28029,0.70184636
28031,0.80283195
28033,0.57927966
28035,0.9269739
28037,0.7788273
28039,0.77773297
28041,0.81928205
28043,0.6697616
28045,0.91051936
28047,0.9455089
28049,0.51896983
28051,0.5919063
28053,0.34170967
28055,0.32191226
28057,0.53095675
28059,0.8422966
28061,0.70334446
28063,0.5620985
28065,0.82115805
28067,0.79437804
28069,0.5614611
28071,0.7058424
28073,0.9027927
28075,0.58080703
28077,0.85261345
28079,0.6917825
28081,0.54750633
28083,0.33181775
28085,0.8236923
28087,0.47505727
28089,0.6027793
28091,0.8135852
28093,0.76539314
28095,0.4672019
28097,0.56402504
28099,0.6416904
28101,0.63207114
28103,0.5408131
28105,0.48598114
28107,0.72537243
28109,0.90724504
28111,0.87375575
28113,0.84929526
28115,0.5225041
28117,0.6789504
28119,0.49893072
28121,0.63554704
28123,0.65472496
28125,0.27777678
28127,0.78505284
28129,0.7081226
28131,0.93259054
28133,0.20254873
28135,0.5798717
28137,0.68250966
28139,0.79045105
28141,0.60400295
28143,0.32417238
28145,0.62098724
28147,0.88134456
28149,0.37726465
28151,0.23139685
28153,0.8168646
28155,0.5388722
28157,0.5839885
28159,0.59719485
28161,0.70677674
28163,0.5137005
29001,0.58113635
29003,0.43935427
29005,0.39939108
29007,0.2884425
29009,0.6111867
29011,0.5604043
29013,0.5301112
29015,0.6698278
29017,0.45920166
29019,0.47000992
29021,0.5275626
29023,0.40011898
29025,0.5334704
29027,0.5362148
29029,0.74661964
29031,0.3368865
29033,0.48618576
29035,0.6811075
29037,0.41709182
29039,0.6435746
29041,0.46473023
29043,0.65931225
29045,0.4439455
29047,0.51500374
29049,0.44846508
29051,0.5569694
29053,0.45611325
29055,0.5963433
29057,0.590393
29059,0.81912094
29061,0.5178317
29063,0.46581134
29065,0.6440593
29067,0.67398095
29069,0.1596052
29071,0.44507495
29073,0.52004975
29075,0.59209335
29077,0.5919569
29079,0.50144106
29081,0.55721056
29083,0.5987067
29085,0.7623065
29087,0.52089965
29089,0.46540028
29091,0.6723347
29093,0.6442939
29095,0.38027832
29097,0.48360738
29099,0.443025
29101,0.43966106
29103,0.45191702
29105,0.76458806
29107,0.34788975
29109,0.5425154
29111,0.39207166
29113,0.40028498
29115,0.5402487
29117,0.5164746
29119,0.6919676
29121,0.61455286
29123,0.50696206
29125,0.597374
29127,0.50034285
29129,0.5902639
29131,0.67839366
29133,0.19570081
29135,0.60055995
29137,0.4923675
29139,0.47230378
29141,0.6818626
29143,0.09147205
29145,0.6320549
29147,0.48549134
29149,0.7508742
29151,0.502303
29153,0.7269843
29155,0.14664038
29157,0.29345992
29159,0.4929531
29161,0.5552671
29163,0.45058465
29165,0.5871285
29167,0.7538176
29169,0.6567669
29171,0.63523686
29173,0.44396818
29175,0.54155517
29177,0.48884454
29179,0.63460565
29181,0.69265556
29183,0.33755982
29185,0.69442713
29186,0.44934547
29187,0.53993964
29189,0.29390672
29195,0.39036876
29197,0.6215373
29199,0.47738063
29201,0.10340364
29203,0.7096709
29205,0.49581778
29207,0.2328762
29209,0.6539699
29211,0.6040442
29213,0.71256685
29215,0.6984706
29217,0.58980596
29219,0.48920816
29221,0.56119764
29223,0.6119088
29225,0.7083888
29227,0.5894582
29229,0.6390802
29510,0.18585229
30001,0.8898526
30003,0.9629159
30005,0.7815844
30007,0.8429132
30009,0.8676422
30011,0.84972775
30013,0.6418307
30015,0.6483748
30017,0.84783995
30019,0.6127574
30021,0.6394316
30023,0.8318883
30025,0.7633758
30027,0.7140945
30029,0.9282805
30031,0.8929629
30033,0.8941269
30035,0.8176288
30037,0.55054104
30039,0.91837114
30041,0.4219727
30043,0.8748745
30045,0.5722472
30047,0.91671526
30049,0.88919634
30051,0.20890972
30053,0.9232197
30055,0.6728815
30057,0.87790745
30059,0.7232803
30061,0.8948774
30063,0.9119082
30065,0.85280573
30067,0.9128455
30069,0.8846684
30071,0.73042405
30073,0.52347934
30075,0.95175064
30077,0.87552726
30079,0.84590715
30081,0.93075126
30083,0.6261066
30085,0.69614327
30087,0.9355623
30089,0.84936994
30091,0.5252409
30093,0.8524796
30095,0.8140929
30097,0.8281576
30099,0.63719416
30101,0.33281738
30103,0.90766513
30105,0.60132456
30107,0.33405465
30109,0.8412986
30111,0.83614105
31001,0.21466325
31003,0.34612477
31005,0.7864982
31007,0.7078178
31009,0.71178454
31011,0.40159672
31013,0.820631
31015,0.6176643
31017,0.7131841
31019,0.5177648
31021,0.561848
31023,0.26964414
31025,0.53641003
31027,0.45743898
31029,0.41216254
31031,0.8237879
31033,0.45672488
31035,0.2982313
31037,0.3274494
31039,0.3871083
31041,0.7629586
31043,0.6682919
31045,0.7979084
31047,0.6825388
31049,0.4354552
31051,0.46679652
31053,0.5425366
31055,0.53185403
31057,0.463657
31059,0.26215336
31061,0.44983408
31063,0.46892968
31065,0.26115865
31067,0.4371238
31069,0.76942956
31071,0.6606072
31073,0.36298048
31075,0.7240478
31077,0.6279613
31079,0.23454659
31081,0.21372348
31083,0.32241935
31085,0.52022094
31087,0.3607934
31089,0.51818347
31091,0.70875597
31093,0.48798063
31095,0.5425855
31097,0.59662676
31099,0.30101335
31101,0.67330194
31103,0.69251513
31105,0.54634047
31107,0.63668966
31109,0.5835887
31111,0.6232468
31113,0.8084897
31115,0.67450845
31117,0.75453115
31119,0.36370167
31121,0.2668433
31123,0.72921824
31125,0.3039518
31127,0.5489954
31129,0.36570993
31131,0.5283401
31133,0.708252
31135,0.34294185
31137,0.2532232
31139,0.3649468
31141,0.28945142
31143,0.22981086
31145,0.28980055
31147,0.5531108
31149,0.62519544
31151,0.32788944
31153,0.48162556
31155,0.3471122
31157,0.71260154
31159,0.45624655
31161,0.9067884
31163,0.6576797
31165,0.8288076
31167,0.44676134
31169,0.36749902
31171,0.71622753
31173,0.6420239
31175,0.73927134
31177,0.59975153
31179,0.31936035
31181,0.4205263
31183,0.6544008
31185,0.24741592
32001,0.7931778
32003,0.97510433
32005,0.9226874
32007,0.9824465
32009,0.5955278
32011,0.951086
32013,0.95753086
32015,0.97114027
32017,0.8651503
32019,0.9490443
32021,0.7230378
32023,0.5370054
32027,0.9351682
32029,0.9168077
32031,0.8400176
32033,0.7010419
32510,0.9007751
33001,0.10146708
33003,0.12378682
33005,0.10757508
33007,0.03152952
33009,0.05026411
33011,0.15786791
33013,0.1603824
33015,0.1639219
33017,0.14369608
33019,0.10956137
34001,0.9039975
34003,0.24717171
34005,0.87306726
34007,0.6851139
34009,0.71489275
34011,0.74325967
34013,0.21781862
34015,0.64417255
34017,0.20994967
34019,0.21161799
34021,0.3365624
34023,0.39892653
34025,0.66093445
34027,0.22977324
34029,0.9070717
34031,0.31826398
34033,0.44776854
34035,0.27640858
34037,0.33362287
34039,0.21810533
34041,0.36378527
35001,0.8601044
35003,0.93398505
35005,0.9122891
35006,0.71919644
35007,0.9153301
35009,0.9688933
35011,0.94291586
35013,0.54654133
35015,0.86138105
35017,0.8042815
35019,0.95773053
35021,0.8812779
35023,0.8953588
35025,0.95256996
35027,0.8678218
35028,0.7665192
35029,0.55089724
35031,0.4436303
35033,0.9073983
35035,0.9408311
35037,0.95264745
35039,0.7812368
35041,0.9416292
35043,0.8066156
35045,0.3655297
35047,0.87602925
35049,0.8496548
35051,0.9738837
35053,0.9672635
35055,0.83045256
35057,0.9112723
35059,0.8855062
35061,0.7442583
36001,0.10391026
36003,0.119185396
36005,0.16336337
36007,0.111549
36009,0.12719403
36011,0.07635355
36013,0.17413366
36015,0.18352859
36017,0.094850495
36019,0.059195142
36021,0.11326638
36023,0.10950799
36025,0.13120513
36027,0.1847724
36029,0.12240106
36031,0.09259548
36033,0.06421209
36035,0.055943273
36037,0.036610335
36039,0.10598047
36041,0.049115106
36043,0.04024847
36045,0.074768595
36047,0.26716876
36049,0.10430554
36051,0.11088543
36053,0.07420484
36055,0.060807668
36057,0.08364242
36059,0.25899556
36061,0.13551359
36063,0.05981716
36065,0.06862658
36067,0.07949627
36069,0.076158784
36071,0.3872158
36073,0.06526022
36075,0.07201468
36077,0.10165958
36079,0.27695388
36081,0.25486767
36083,0.11465317
36085,0.17632662
36087,0.3332858
36089,0.07060234
36091,0.09959503
36093,0.09028338
36095,0.07487941
36097,0.12920177
36099,0.087091535
36101,0.18374963
36103,0.28757682
36105,0.21374416
36107,0.14230503
36109,0.1393909
36111,0.31369668
36113,0.13609223
36115,0.14154936
36117,0.085877426
36119,0.27398318
36121,0.042034507
36123,0.13873287
37001,0.35772815
37003,0.40949368
37005,0.5373669
37007,0.6425672
37009,0.5390751
37011,0.6212102
37013,0.58548063
37015,0.50717103
37017,0.8546246
37019,0.8677242
37021,0.67379737
37023,0.61293936
37025,0.42185807
37027,0.5357419
37029,0.55220395
37031,0.8679932
37033,0.40073997
37035,0.3977804
37037,0.3867387
37039,0.862661
37041,0.40950274
37043,0.80924714
37045,0.5318997
37047,0.81079257
37049,0.6371548
37051,0.7422585
37053,0.63407946
37055,0.87732893
37057,0.38556588
37059,0.34572065
37061,0.73107374
37063,0.3065683
37065,0.36741832
37067,0.34247896
37069,0.319162
37071,0.44608235
37073,0.39775348
37075,0.8556995
37077,0.3098959
37079,0.36063525
37081,0.3722334
37083,0.35614237
37085,0.58084136
37087,0.70815635
37089,0.58839804
37091,0.41131705
37093,0.8321773
37095,0.8544315
37097,0.3482557
37099,0.78480864
37101,0.35824186
37103,0.70434153
37105,0.5788798
37107,0.4549855
37109,0.4579921
37111,0.7131715
37113,0.7310116
37115,0.77934396
37117,0.4601026
37119,0.4397884
37121,0.712308
37123,0.5806658
37125,0.6778761
37127,0.3422352
37129,0.8057152
37131,0.37521222
37133,0.7700139
37135,0.30372262
37137,0.75292015
37139,0.39027354
37141,0.8419082
37143,0.40712717
37145,0.31602064
37147,0.39695245
37149,0.6388836
37151,0.45087928
37153,0.7414321
37155,0.7498373
37157,0.297753
37159,0.36889908
37161,0.63340497
37163,0.6427428
37165,0.8388281
37167,0.36942077
37169,0.28151205
37171,0.39706022
37173,0.7645185
37175,0.6403088
37177,0.68405586
37179,0.3549065
37181,0.31556615
37183,0.3212776
37185,0.33427137
37187,0.49400136
37189,0.51058733
37191,0.35292265
37193,0.5529399
37195,0.31721506
37197,0.3101244
37199,0.76412094
38001,0.3995126
38003,0.38997003
38005,0.47175196
38007,0.7600267
38009,0.4496902
38011,0.72001
38013,0.3967815
38015,0.39399263
38017,0.32398492
38019,0.3628231
38021,0.4682009
38023,0.3174458
38025,0.5897435
38027,0.488125
38029,0.5041154
38031,0.34958968
38033,0.8005124
38035,0.34406477
38037,0.4926154
38039,0.38486415
38041,0.32573605
38043,0.33984494
38045,0.40703088
38047,0.3094288
38049,0.4585427
38051,0.4078469
38053,0.76819706
38055,0.30886108
38057,0.51421314
38059,0.4673963
38061,0.5343084
38063,0.4982523
38065,0.4662214
38067,0.3222787
38069,0.43159446
38071,0.48446807
38073,0.4221019
38075,0.28094605
38077,0.33256027
38079,0.6184449
38081,0.46562952
38083,0.16421396
38085,0.7463081
38087,0.72051907
38089,0.36045626
38091,0.29360077
38093,0.2916136
38095,0.5544798
38097,0.28148934
38099,0.3388675
38101,0.2789461
38103,0.37257484
38105,0.43615445
39001,0.24226855
39003,0.009176096
39005,0.15472485
39007,0.16328749
39009,0.2716744
39011,0.009706295
39013,0.235047
39015,0.16594087
39017,0.16507302
39019,0.21142073
39021,0.01994308
39023,0.030069038
39025,0.16858399
39027,0.02665512
39029,0.23904791
39031,0.23559722
39033,0.02862583
39035,0.15253595
39037,0.031079601
39039,0.0067359386
39041,0.04999601
39043,0.015667127
39045,0.11880421
39047,0.017059391
39049,0.11741585
39051,0.0073016547
39053,0.39532503
39055,0.19147493
39057,0.055988945
39059,0.32778198
39061,0.1436138
39063,0.009461305
39065,0.016506588
39067,0.2606006
39069,0.0043428126
39071,0.13282333
39073,0.26763967
39075,0.22864115
39077,0.03935552
39079,0.36740696
39081,0.26200765
39083,0.22755522
39085,0.20006336
39087,0.4426533
39089,0.19151428
39091,0.019190313
39093,0.12565282
39095,0.016348299
39097,0.028669184
39099,0.18478721
39101,0.024027066
39103,0.15693969
39105,0.25942478
39107,0.011877716
39109,0.041383825
39111,0.24610986
39113,0.12672962
39115,0.22893645
39117,0.084077016
39119,0.22078831
39121,0.30885676
39123,0.006944449
39125,0.014908555
39127,0.18029821
39129,0.11017079
39131,0.36890572
39133,0.2158731
39135,0.023178166
39137,0.0038056348
39139,0.13082631
39141,0.25864482
39143,0.0044542667
39145,0.49857828
39147,0.0067631295
39149,0.020595774
39151,0.17471741
39153,0.20566753
39155,0.19776346
39157,0.24231479
39159,0.035457566
39161,0.008308172
39163,0.25784025
39165,0.11327582
39167,0.24733263
39169,0.18528654
39171,0.010820301
39173,0.0034145694
39175,0.00848802
40001,0.8964301
40003,0.8462308
40005,0.892297
40007,0.95725137
40009,0.95557755
40011,0.80136096
40013,0.77517766
40015,0.9038581
40017,0.7547532
40019,0.8822198
40021,0.9210445
40023,0.7703187
40025,0.9660511
40027,0.7700997
40029,0.9105561
40031,0.93232334
40033,0.8573903
40035,0.68112504
40037,0.9338889
40039,0.8820849
40041,0.84434664
40043,0.9419399
40045,0.9707072
40047,0.4184568
40049,0.9050174
40051,0.85933083
40053,0.637574
40055,0.82433033
40057,0.8577011
40059,0.93611753
40061,0.9647557
40063,0.93032986
40065,0.61305404
40067,0.85005355
40069,0.9177415
40071,0.85192025
40073,0.5783576
40075,0.82239497
40077,0.9492536
40079,0.9116571
40081,0.92974
40083,0.86471146
40085,0.86617935
40087,0.8810245
40089,0.7781284
40091,0.95503134
40093,0.85372293
40095,0.8201105
40097,0.87675595
40099,0.9254329
40101,0.9384119
40103,0.8194489
40105,0.71485746
40107,0.9428886
40109,0.81697476
40111,0.92894363
40113,0.90812
40115,0.6789818
40117,0.91360277
40119,0.8766305
40121,0.97789174
40123,0.91561955
40125,0.9527195
40127,0.8918539
40129,0.970554
40131,0.7811709
40133,0.9278755
40135,0.88504326
40137,0.9868882
40139,0.94518477
40141,0.81301904
40143,0.82890165
40145,0.8267841
40147,0.8371191
40149,0.73256904
40151,0.8873828
40153,0.96649235
41001,0.9150846
41003,0.32954767
41005,0.81336784
41007,0.18141153
41009,0.14804642
41011,0.5349561
41013,0.9113871
41015,0.9483306
41017,0.8702834
41019,0.92442346
41021,0.96704775
41023,0.9340278
41025,0.97176254
41027,0.9790291
41029,0.94634545
41031,0.9619489
41033,0.9297744
41035,0.8666402
41037,0.92360806
41039,0.60565627
41041,0.44133732
41043,0.68307966
41045,0.94641834
41047,0.40895322
41049,0.9486249
41051,0.6698115
41053,0.23901841
41055,0.89703786
41057,0.26382205
41059,0.94889945
41061,0.9782556
41063,0.9467621
41065,0.94902676
41067,0.23347946
41069,0.9828237
41071,0.29993623
42001,0.40028352
42003,0.20969889
42005,0.25234154
42007,0.19539082
42009,0.4220614
42011,0.22687966
42013,0.34183142
42015,0.29156905
42017,0.21169193
42019,0.23026353
42021,0.21736541
42023,0.3447755
42025,0.46331632
42027,0.39640787
42029,0.07976828
42031,0.2713787
42033,0.30401194
42035,0.36454415
42037,0.3759516
42039,0.2095429
42041,0.4031011
42043,0.26756272
42045,0.21883306
42047,0.15926383
42049,0.19172764
42051,0.30385637
42053,0.15013598
42055,0.4360772
42057,0.4026636
42059,0.27201316
42061,0.3767453
42063,0.22896801
42065,0.24940477
42067,0.37270314
42069,0.3374621
42071,0.10854027
42073,0.21304344
42075,0.25965086
42077,0.22690034
42079,0.41681457
42081,0.29857543
42083,0.07613428
42085,0.1952429
42087,0.45008662
42089,0.4116494
42091,0.14996259
42093,0.23206651
42095,0.29829082
42097,0.29261413
42099,0.35693988
42101,0.22598857
42103,0.31561366
42105,0.17980716
42107,0.37161893
42109,0.3200715
42111,0.31030366
42113,0.23537348
42115,0.16608971
42117,0.33734652
42119,0.35184646
42121,0.2536656
42123,0.18058439
42125,0.22260243
42127,0.21485059
42129,0.26852813
42131,0.34360304
42133,0.06904037
44001,0.03630872
44003,0.13901274
44005,0.0457846
44007,0.12796545
44009,0.15237682
45001,0.625553
45003,0.60180974
45005,0.6746421
45007,0.570878
45009,0.61831653
45011,0.63258636
45013,0.8248472
45015,0.8792256
45017,0.622361
45019,0.86132
45021,0.63442147
45023,0.53667295
45025,0.7101941
45027,0.7839592
45029,0.7884549
45031,0.7545119
45033,0.7347357
45035,0.766044
45037,0.619303
45039,0.6535624
45041,0.7637389
45043,0.9094343
45045,0.5908388
45047,0.6000835
45049,0.69873536
45051,0.76724356
45053,0.73776186
45055,0.60730803
45057,0.5255213
45059,0.5493846
45061,0.6859821
45063,0.5949993
45065,0.65874004
45067,0.76524806
45069,0.8494476
45071,0.569088
45073,0.74273646
45075,0.61816925
45077,0.68713427
45079,0.63324755
45081,0.6284802
45083,0.5419636
45085,0.70427895
45087,0.5899181
45089,0.832744
45091,0.56218547
46003,0.46745133
46005,0.44217014
46007,0.89976966
46009,0.48923218
46011,0.314768
46013,0.4886583
46015,0.5425521
46017,0.698266
46019,0.766324
46021,0.5762802
46023,0.4759824
46025,0.4242285
46027,0.36440295
46029,0.40036944
46031,0.6771288
46033,0.8784114
46035,0.38553447
46037,0.46225235
46039,0.3503077
46041,0.6899862
46043,0.40993726
46045,0.4790169
46047,0.89503086
46049,0.48455033
46051,0.37360924
46053,0.60133123
46055,0.733073
46057,0.3334995
46059,0.69393957
46061,0.3883914
46063,0.79473186
46065,0.66297174
46067,0.40594268
46069,0.72323036
46071,0.86162937
46073,0.5901324
46075,0.6466242
46077,0.3149164
46079,0.20481823
46081,0.95160985
46083,0.3573796
46085,0.6640824
46087,0.34685594
46089,0.56527853
46091,0.51530147
46093,0.85732853
46095,0.7420114
46097,0.36523575
46099,0.28646326
46101,0.2900311
46102,0.9101869
46103,0.83219814
46105,0.64982593
46107,0.6496873
46109,0.4167962
46111,0.5065849
46115,0.4311065
46117,0.6289426
46119,0.5838196
46121,0.80055106
46123,0.6095632
46125,0.26309517
46127,0.3890558
46129,0.55848855
46135,0.43395144
46137,0.74548656
47001,0.80202585
47003,0.2513017
47005,0.3480461
47007,0.8257836
47009,0.87117434
47011,0.6681429
47013,0.85257876
47015,0.31569952
47017,0.37037092
47019,0.7294845
47021,0.30209923
47023,0.45857674
47025,0.8263057
47027,0.3561772
47029,0.80300385
47031,0.41303504
47033,0.17361967
47035,0.82305926
47037,0.17987382
47039,0.41364732
47041,0.26732
47043,0.28360114
47045,0.17883907
47047,0.5389388
47049,0.7458985
47051,0.5859066
47053,0.25230008
47055,0.30806154
47057,0.7626925
47059,0.8073335
47061,0.72974086
47063,0.6671808
47065,0.791318
47067,0.8606883
47069,0.5790088
47071,0.5537925
47073,0.77781475
47075,0.23422787
47077,0.42888224
47079,0.3263967
47081,0.3696934
47083,0.36697167
47085,0.4249194
47087,0.30945778
47089,0.71625197
47091,0.6911188
47093,0.63423514
47095,0.1665242
47097,0.24608661
47099,0.39835036
47101,0.4944309
47103,0.25516114
47105,0.74430037
47107,0.7330683
47109,0.5338153
47111,0.2083698
47113,0.3696979
47115,0.82734317
47117,0.20993881
47119,0.32418865
47121,0.6745007
47123,0.89324075
47125,0.29018098
47127,0.24515007
47129,0.843863
47131,0.14697614
47133,0.4544201
47135,0.37505123
47137,0.53662956
47139,0.83077407
47141,0.47561416
47143,0.7304537
47145,0.74450326
47147,0.2229024
47149,0.22207955
47151,0.8495292
47153,0.85004497
47155,0.82733834
47157,0.4631371
47159,0.23339623
47161,0.4005571
47163,0.70535266
47165,0.21050465
47167,0.22346666
47169,0.1755217
47171,0.75987184
47173,0.5093478
47175,0.7477342
47177,0.67939484
47179,0.8141389
47181,0.6073877
47183,0.24581052
47185,0.7389138
47187,0.29007545
47189,0.15952471
48001,0.91910523
48003,0.9972694
48005,0.8110821
48007,0.86180824
48009,0.98608565
48011,0.9610754
48013,0.812036
48015,0.8313859
48017,0.99333733
48019,0.9512758
48021,0.9137153
48023,0.9830323
48025,0.6935091
48027,0.9100582
48029,0.977087
48031,0.9895192
48033,0.99516207
48035,0.935917
48037,0.9249121
48039,0.8839044
48041,0.90948784
48043,0.95723677
48045,0.9892023
48047,0.89453405
48049,0.89932096
48051,0.86751354
48053,0.93035185
48055,0.82471323
48057,0.81747293
48059,0.92738664
48061,0.9512048
48063,0.66298234
48065,0.9816702
48067,0.7748995
48069,0.98862904
48071,0.85191786
48073,0.8822575
48075,0.9696512
48077,0.8853706
48079,0.9950933
48081,0.983039
48083,0.9813727
48085,0.92343456
48087,0.927046
48089,0.60638094
48091,0.98144066
48093,0.9861161
48095,0.98966575
48097,0.9379181
48099,0.8427675
48101,0.970106
48103,0.94519967
48105,0.9957403
48107,0.99123526
48109,0.3716844
48111,0.81960833
48113,0.9197792
48115,0.99658287
48117,0.9722177
48119,0.6806621
48121,0.9118354
48123,0.7069303
48125,0.9937098
48127,0.8135912
48129,0.9643678
48131,0.90869457
48133,0.85295916
48135,0.9501653
48137,0.9076641
48139,0.970999
48141,0.84791327
48143,0.962193
48145,0.88326615
48147,0.90591425
48149,0.85654896
48151,0.9848364
48153,0.9909929
48155,0.96321666
48157,0.8008109
48159,0.9198421
48161,0.85512304
48163,0.9226236
48165,0.9925576
48167,0.9081287
48169,0.9909296
48171,0.9595609
48173,0.9924888
48175,0.5570446
48177,0.9157567
48179,0.95951533
48181,0.91959846
48183,0.89240694
48185,0.9191241
48187,0.9782822
48189,0.9929967
48191,0.98956484
48193,0.9708649
48195,0.94825846
48197,0.95742995
48199,0.5247608
48201,0.9291201
48203,0.7615831
48205,0.9685859
48207,0.98323923
48209,0.9225863
48211,0.96803063
48213,0.9262263
48215,0.9551505
48217,0.9498993
48219,0.9953599
48221,0.978794
48223,0.93971306
48225,0.87506574
48227,0.9948661
48229,0.87409246
48231,0.95316565
48233,0.9581686
48235,0.9914038
48237,0.95722884
48239,0.7990263
48241,0.75211245
48243,0.7984518
48245,0.9661554
48247,0.95901954
48249,0.8329624
48251,0.9774239
48253,0.9814623
48255,0.71531427
48257,0.9570422
48259,0.9476583
48261,0.9528762
48263,0.9211467
48265,0.9789317
48267,0.97852623
48269,0.9859481
48271,0.8756419
48275,0.9104896
48277,0.8898799
48279,0.995016
48281,0.78530204
48283,0.8835679
48285,0.79443204
48287,0.9035156
48289,0.8756022
48291,0.45764077
48293,0.97328573
48295,0.93758917
48297,0.71805096
48299,0.92169386
48301,0.9824498
48303,0.9947095
48305,0.99099106
48307,0.94548714
48309,0.8670653
48311,0.9422556
48313,0.88969857
48315,0.7963866
48317,0.9946787
48319,0.89665294
48321,0.74446297
48323,0.89148676
48325,0.9879496
48327,0.99531084
48329,0.96659684
48331,0.800093
48333,0.92215127
48335,0.9888007
48337,0.8628948
48339,0.8739355
48341,0.97937536
48343,0.77664065
48345,0.9870877
48347,0.87893045
48349,0.9565457
48351,0.9350165
48353,0.997094
48355,0.5221487
48357,0.9151272
48359,0.96894675
48361,0.9068932
48363,0.9879453
48365,0.83877635
48367,0.9761652
48369,0.959551
48371,0.9702603
48373,0.8003166
48375,0.9919365
48377,0.6097543
48379,0.9085709
48381,0.98572254
48383,0.9915127
48385,0.89397335
48387,0.59019786
48389,0.9603516
48391,0.678183
48393,0.9497609
48395,0.89241123
48397,0.9201755
48399,0.9851007
48401,0.832731
48403,0.3203677
48405,0.6919226
48407,0.6867876
48409,0.91076326
48411,0.9364591
48413,0.99357915
48415,0.99360436
48417,0.97599953
48419,0.8561176
48421,0.9471575
48423,0.83809483
48425,0.969466
48427,0.91135216
48429,0.9191025
48431,0.9953979
48433,0.9911042
48435,0.9926752
48437,0.9871482
48439,0.97611964
48441,0.9913167
48443,0.9792918
48445,0.9802954
48447,0.98296046
48449,0.9008825
48451,0.9973854
48453,0.80071616
48455,0.86534166
48457,0.44867104
48459,0.8722874
48461,0.99333143
48463,0.7827089
48465,0.9717542
48467,0.8673721
48469,0.9047407
48471,0.9064447
48473,0.9497808
48475,0.98878723
48477,0.5229464
48479,0.98550624
48481,0.6850274
48483,0.9587144
48485,0.81542754
48487,0.88633096
48489,0.936069
48491,0.8228406
48493,0.9725014
48495,0.9887146
48497,0.80318975
48499,0.94169766
48501,0.9971108
48503,0.98038447
48505,0.9560848
48507,0.8155397
49001,0.7732423
49003,0.58100575
49005,0.9601942
49007,0.9714352
49009,0.8260712
49011,0.92665863
49013,0.94841284
49015,0.8407856
49017,0.5426573
49019,0.7597785
49021,0.47908902
49023,0.77646005
49025,0.63948905
49027,0.7301285
49029,0.87841415
49031,0.95769334
49033,0.89892685
49035,0.71229565
49037,0.8057975
49039,0.8937879
49041,0.83361584
49043,0.6623174
49045,0.8932043
49047,0.807517
49049,0.8803923
49051,0.67798376
49053,0.98863935
49055,0.87142134
49057,0.8589445
50001,0.5741985
50003,0.08241204
50005,0.035936043
50007,0.11709671
50009,0.02875146
50011,0.08912334
50013,0.0433119
50015,0.07653025
50017,0.017153323
50019,0.05166972
50021,0.0982762
50023,0.12863551
50025,0.24316427
50027,0.05697732
51001,0.80520684
51003,0.66628027
51005,0.69643176
51007,0.30821535
51009,0.7154078
51011,0.36379972
51013,0.1787189
51015,0.84382993
51017,0.5598006
51019,0.65341514
51021,0.6013994
51023,0.5707312
51025,0.38786674
51027,0.91140926
51029,0.39117256
51031,0.4248329
51033,0.31372765
51035,0.66856074
51036,0.32984874
51037,0.3218284
51041,0.25431955
51043,0.49041787
51045,0.5594963
51047,0.34074384
51049,0.35562217
51051,0.944388
51053,0.3047674
51057,0.4226044
51059,0.12962814
51061,0.25352672
51063,0.55557114
51065,0.4646582
51067,0.3759149
51069,0.64193857
51071,0.64908195
51073,0.2737072
51075,0.37388244
51077,0.5271934
51079,0.7744616
51081,0.34729162
51083,0.32859328
51085,0.35123864
51087,0.36888564
51089,0.32895172
51091,0.7819471
51093,0.20436181
51095,0.26287997
51097,0.3930024
51099,0.556453
51101,0.30772626
51103,0.8394375
51105,0.90064824
51107,0.29810715
51109,0.39311337
51111,0.3735544
51113,0.6557894
51115,0.31932867
51117,0.32786098
51119,0.6346202
51121,0.7653537
51125,0.5062214
51127,0.3441923
51131,0.7461127
51133,0.8099787
51135,0.3155938
51137,0.4215762
51139,0.8290595
51141,0.7052874
51143,0.32433158
51145,0.29820585
51147,0.33196944
51149,0.2431676
51153,0.3613549
51155,0.7888548
51157,0.7345933
51159,0.56119674
51161,0.76760083
51163,0.68780774
51165,0.61405236
51167,0.90426093
51169,0.7624082
51171,0.7821945
51173,0.6803167
51175,0.34820518
51177,0.31711662
51179,0.26908156
51181,0.35731637
51183,0.314064
51185,0.7941191
51187,0.82985485
51191,0.7507097
51193,0.7309773
51195,0.83151126
51197,0.6638374
51199,0.41363966
51510,0.16133909
51520,0.7904016
51530,0.5967337
51540,0.6342219
51550,0.25487342
51570,0.19317085
51580,0.57819116
51590,0.31326348
51595,0.35518935
51600,0.2748577
51610,0.14892347
51620,0.20882285
51630,0.287205
51640,0.61780334
51650,0.32259667
51660,0.5530929
51670,0.21378347
51678,0.6691221
51680,0.46854082
51683,0.2660954
51685,0.26199752
51690,0.32696784
51700,0.37532064
51710,0.3199538
51720,0.8531429
51730,0.20597188
51735,0.3359383
51740,0.31510574
51750,0.73764825
51760,0.32492435
51770,0.64535016
51775,0.815905
51790,0.75452006
51800,0.2802722
51810,0.3319818
51820,0.8459132
51830,0.28272778
51840,0.5500642
53001,0.9155689
53003,0.85587347
53005,0.6495786
53007,0.68850446
53009,0.11197583
53011,0.23501883
53013,0.87928766
53015,0.14474207
53017,0.816929
53019,0.6903349
53021,0.91067135
53023,0.9709736
53025,0.64127386
53027,0.75774693
53029,0.15500584
53031,0.27111828
53033,0.2734919
53035,0.33043864
53037,0.83139485
53039,0.5674183
53041,0.80423623
53043,0.9289528
53045,0.27739978
53047,0.6119562
53049,0.2182588
53051,0.79477173
53053,0.33951914
53055,0.3068953
53057,0.18704933
53059,0.585116
53061,0.15469326
53063,0.7262423
53065,0.9328984
53067,0.2936048
53069,0.72415614
53071,0.7708047
53073,0.22501558
53075,0.89469075
53077,0.8662011
54001,0.31195852
54003,0.48479113
54005,0.5865185
54007,0.6257653
54009,0.1619199
54011,0.5854554
54013,0.5330346
54015,0.6873976
54017,0.35075152
54019,0.45902833
54021,0.5891407
54023,0.76254535
54025,0.5057647
54027,0.7790619
54029,0.21230212
54031,0.77269566
54033,0.46909356
54035,0.43819994
54037,0.39306268
54039,0.5681478
54041,0.5833977
54043,0.6446538
54045,0.91621697
54047,0.95273495
54049,0.4500371
54051,0.34746563
54053,0.2780626
54055,0.5341415
54057,0.50716394
54059,0.9261949
54061,0.36797392
54063,0.67304415
54065,0.49871302
54067,0.74128866
54069,0.2695367
54071,0.6915004
54073,0.21760888
54075,0.7887974
54077,0.49554914
54079,0.35714608
54081,0.7377187
54083,0.77010995
54085,0.32033333
54087,0.35182187
54089,0.6645701
54091,0.41362396
54093,0.49921864
54095,0.31229797
54097,0.74279547
54099,0.5582539
54101,0.686151
54103,0.27134272
54105,0.4006614
54107,0.24315578
54109,0.89612466
55001,0.3550732
55003,0.12501594
55005,0.22458825
55007,0.3614704
55009,0.1776806
55011,0.2838746
55013,0.39952114
55015,0.22387747
55017,0.22921683
55019,0.36579704
55021,0.2309261
55023,0.033385623
55025,0.16022816
55027,0.13568272
55029,0.34932643
55031,0.2747224
55033,0.2767582
55035,0.34432647
55037,0.32805645
55039,0.12275346
55041,0.29146007
55043,0.108634606
55045,0.0630582
55047,0.19050968
55049,0.14400391
55051,0.11229665
55053,0.3341297
55055,0.12358124
55057,0.41333094
55059,0.085425556
55061,0.20218316
55063,0.17047453
55065,0.12085818
55067,0.23567642
55069,0.32363403
55071,0.24105884
55073,0.43839854
55075,0.40641156
55077,0.38497034
55078,0.34627345
55079,0.30163497
55081,0.24820524
55083,0.24716352
55085,0.34359133
55087,0.14455071
55089,0.34550112
55091,0.21952452
55093,0.45827666
55095,0.5304531
55097,0.27117214
55099,0.21005878
55101,0.16083588
55103,0.1166943
55105,0.07106408
55107,0.21741378
55109,0.35266104
55111,0.07481337
55113,0.253779
55115,0.269303
55117,0.18577255
55119,0.23702769
55121,0.24234697
55123,0.08393319
55125,0.31375316
55127,0.0408649
55129,0.27176207
55131,0.22361284
55133,0.25247806
55135,0.18857108
55137,0.22006857
55139,0.13912016
55141,0.30861107
56001,0.90022075
56003,0.7568538
56005,0.94101083
56007,0.849057
56009,0.82365394
56011,0.797342
56013,0.79619896
56015,0.6411284
56017,0.88155925
56019,0.8145242
56021,0.70094025
56023,0.63775253
56025,0.5900844
56027,0.5589318
56029,0.8577223
56031,0.96729606
56033,0.8231402
56035,0.85886174
56037,0.4839389
56039,0.8939492
56041,0.89484066
56043,0.8421309
56045,0.9698936
